{
  "camera_address": "rtsp://root:Video5000!@172.30.71.106/axis-media/media.amp?",
  "count": 20,
  "global_count": 5,
  "number_machine": [1323, 1337, "H_M"],
  "number_coke": [1321, 1337, "H_C"],
  "server_address": "172.30.71.89",
  "server_port": 8886,
  "model_path": "model/hatches.h5",
  "matrix":
  {
    "matrix":
    [
      [1.7031757640524114, 0.5140682946377704, -1331.4628461570094],
      [-0.10289835031066538, 1.8543140212234488, -592.6366174673826],
      [-9.535309981714746e-05, 0.0008426267223967956, 1.0]
    ],
    "maxWidth": 1255,
    "maxHeight": 685
  },
  "roi_machine":
  {
    "0": {"x_min": 1143, "y_min": 600, "x_max": 1210, "y_max": 637},
    "1": {"x_min": 1139, "y_min": 559, "x_max": 1202, "y_max": 596},
    "2": {"x_min": 1136, "y_min": 515, "x_max": 1199, "y_max": 550},
    "3": {"x_min": 1134, "y_min": 468, "x_max": 1202, "y_max": 508},
    "4": {"x_min": 1129, "y_min": 426, "x_max": 1195, "y_max": 461},
    "5": {"x_min": 1129, "y_min": 384, "x_max": 1191, "y_max": 419},
    "6": {"x_min": 1126, "y_min": 340, "x_max": 1188, "y_max": 378},
    "7": {"x_min": 1123, "y_min": 295, "x_max": 1186, "y_max": 335},
    "8": {"x_min": 1124, "y_min": 260, "x_max": 1184, "y_max": 293},
    "9": {"x_min": 1117, "y_min": 217, "x_max": 1180, "y_max": 258},
    "10": {"x_min": 1118, "y_min": 176, "x_max": 1183, "y_max": 215},
    "11": {"x_min": 1113, "y_min": 130, "x_max": 1176, "y_max": 171},
    "12": {"x_min": 1118, "y_min": 87, "x_max": 1180, "y_max": 129},
    "13": {"x_min": 1120, "y_min": 49, "x_max": 1180, "y_max": 87},
    "14": {"x_min": 1118, "y_min": 6, "x_max": 1180, "y_max": 47}
  },
  "roi_coke":
  {
    "0": {"x_min": 10, "y_min": 642, "x_max": 63, "y_max": 675},
    "1": {"x_min": 19, "y_min": 598, "x_max": 73, "y_max": 632},
    "2": {"x_min": 22, "y_min": 557, "x_max": 77, "y_max": 592},
    "3": {"x_min": 17, "y_min": 516, "x_max": 72, "y_max": 551},
    "4": {"x_min": 20, "y_min": 477, "x_max": 73, "y_max": 510},
    "5": {"x_min": 24, "y_min": 435, "x_max": 76, "y_max": 470},
    "6": {"x_min": 25, "y_min": 398, "x_max": 77, "y_max": 432},
    "7": {"x_min": 29, "y_min": 355, "x_max": 84, "y_max": 392},
    "8": {"x_min": 31, "y_min": 317, "x_max": 85, "y_max": 348},
    "9": {"x_min": 30, "y_min": 277, "x_max": 81, "y_max": 311},
    "10": {"x_min": 31, "y_min": 237, "x_max": 86, "y_max": 273},
    "11": {"x_min": 32, "y_min": 196, "x_max": 88, "y_max": 228},
    "12": {"x_min": 31, "y_min": 158, "x_max": 86, "y_max": 192},
    "13": {"x_min": 35, "y_min": 121, "x_max": 90, "y_max": 156},
    "14": {"x_min": 37, "y_min": 81, "x_max": 92, "y_max": 112},
    "15": {"x_min": 41, "y_min": 41, "x_max": 94, "y_max": 76},
    "16": {"x_min": 40, "y_min": 1, "x_max": 96, "y_max": 34}
  },
  "fake_machine":
  {
    "14": {"x_min": 1453, "y_min": 409, "x_max": 1498, "y_max": 431},
    "13": {"x_min": 1460, "y_min": 438, "x_max": 1508, "y_max": 466},
    "12": {"x_min": 1460, "y_min": 463, "x_max": 1514, "y_max": 490},
    "11": {"x_min": 1471, "y_min": 495, "x_max": 1516, "y_max": 522},
    "10": {"x_min": 1483, "y_min": 527, "x_max": 1528, "y_max": 556},
    "9": {"x_min": 1488, "y_min": 561, "x_max": 1544, "y_max": 591},
    "8": {"x_min": 1500, "y_min": 592, "x_max": 1557, "y_max": 619},
    "7": {"x_min": 1511, "y_min": 626, "x_max": 1558, "y_max": 656},
    "6": {"x_min": 1519, "y_min": 666, "x_max": 1570, "y_max": 698},
    "5": {"x_min": 1531, "y_min": 707, "x_max": 1593, "y_max": 738},
    "4": {"x_min": 1544, "y_min": 747, "x_max": 1599, "y_max": 779},
    "3": {"x_min": 1560, "y_min": 794, "x_max": 1621, "y_max": 829},
    "2": {"x_min": 1574, "y_min": 841, "x_max": 1636, "y_max": 875},
    "1": {"x_min": 1589, "y_min": 894, "x_max": 1651, "y_max": 930},
    "0": {"x_min": 1606, "y_min": 940, "x_max": 1670, "y_max": 984}
  },
  "fake_coke":
  {
    "16": {"x_min": 709, "y_min": 333, "x_max": 745, "y_max": 358},
    "15": {"x_min": 704, "y_min": 361, "x_max": 738, "y_max": 388},
    "14": {"x_min": 688, "y_min": 388, "x_max": 730, "y_max": 415},
    "13": {"x_min": 680, "y_min": 414, "x_max": 724, "y_max": 435},
    "12": {"x_min": 671, "y_min": 444, "x_max": 714, "y_max": 470},
    "11": {"x_min": 663, "y_min": 472, "x_max": 699, "y_max": 497},
    "10": {"x_min": 648, "y_min": 503, "x_max": 697, "y_max": 526},
    "9": {"x_min": 640, "y_min": 535, "x_max": 687, "y_max": 566},
    "8": {"x_min": 629, "y_min": 569, "x_max": 672, "y_max": 593},
    "7": {"x_min": 623, "y_min": 604, "x_max": 667, "y_max": 629},
    "6": {"x_min": 611, "y_min": 639, "x_max": 657, "y_max": 665},
    "5": {"x_min": 596, "y_min": 675, "x_max": 641, "y_max": 707},
    "4": {"x_min": 588, "y_min": 715, "x_max": 632, "y_max": 748},
    "3": {"x_min": 563, "y_min": 760, "x_max": 622, "y_max": 793},
    "2": {"x_min": 549, "y_min": 804, "x_max": 603, "y_max": 833},
    "1": {"x_min": 535, "y_min": 853, "x_max": 600, "y_max": 886},
    "0": {"x_min": 518, "y_min": 904, "x_max": 578, "y_max": 939}
  }
}