{
  "camera_address": "rtsp://root:Video5000!@172.30.71.109/axis-media/media.amp?",
  "count": 20,
  "global_count": 5,
  "number_machine": [1432, 1450, "H_M"],
  "number_coke": [1433, 1449, "H_C"],
  "server_address": "172.30.71.89",
  "server_port": 8886,
  "model_path": "model/hatches.h5",
  "matrix":
  {
    "matrix":
    [
      [1.4926918141630587, 0.48644192061549085, -948.2034991648079],
      [-0.09962387323036381, 1.7190417274430851, -195.93896207535303],
      [-0.00013052800127129108, 0.000710922836842935, 1.0]
    ],
    "maxWidth": 1291,
    "maxHeight": 893
  },
  "roi_machine":
  {
    "0": {"x_min": 30, "y_min": 0, "x_max": 85, "y_max": 36},
    "1": {"x_min": 33, "y_min": 39, "x_max": 84, "y_max": 79},
    "2": {"x_min": 36, "y_min": 89, "x_max": 93, "y_max": 130},
    "3": {"x_min": 36, "y_min": 131, "x_max": 90, "y_max": 166},
    "4": {"x_min": 33, "y_min": 170, "x_max": 87, "y_max": 203},
    "5": {"x_min": 30, "y_min": 216, "x_max": 81, "y_max": 252},
    "6": {"x_min": 34, "y_min": 263, "x_max": 85, "y_max": 299},
    "7": {"x_min": 31, "y_min": 304, "x_max": 82, "y_max": 337},
    "8": {"x_min": 35, "y_min": 352, "x_max": 88, "y_max": 387},
    "9": {"x_min": 30, "y_min": 388, "x_max": 84, "y_max": 422},
    "10": {"x_min": 37, "y_min": 440, "x_max": 90, "y_max": 475},
    "11": {"x_min": 36, "y_min": 477, "x_max": 87, "y_max": 508},
    "12": {"x_min": 34, "y_min": 520, "x_max": 87, "y_max": 555},
    "13": {"x_min": 30, "y_min": 566, "x_max": 81, "y_max": 595},
    "14": {"x_min": 36, "y_min": 613, "x_max": 88, "y_max": 647},
    "15": {"x_min": 37, "y_min": 656, "x_max": 90, "y_max": 689},
    "16": {"x_min": 37, "y_min": 694, "x_max": 88, "y_max": 724},
    "17": {"x_min": 33, "y_min": 738, "x_max": 85, "y_max": 773},
    "18": {"x_min": 37, "y_min": 780, "x_max": 88, "y_max": 810}
  },
  "roi_coke":
  {
    "0": {"x_min": 1131, "y_min": 0, "x_max": 1199, "y_max": 39},
    "1": {"x_min": 1127, "y_min": 42, "x_max": 1199, "y_max": 83},
    "2": {"x_min": 1126, "y_min": 88, "x_max": 1197, "y_max": 130},
    "3": {"x_min": 1131, "y_min": 144, "x_max": 1193, "y_max": 188},
    "4": {"x_min": 1131, "y_min": 190, "x_max": 1194, "y_max": 230},
    "5": {"x_min": 1136, "y_min": 239, "x_max": 1202, "y_max": 281},
    "6": {"x_min": 1134, "y_min": 286, "x_max": 1199, "y_max": 324},
    "7": {"x_min": 1138, "y_min": 326, "x_max": 1206, "y_max": 363},
    "8": {"x_min": 1137, "y_min": 377, "x_max": 1198, "y_max": 418},
    "9": {"x_min": 1137, "y_min": 430, "x_max": 1204, "y_max": 467},
    "10": {"x_min": 1139, "y_min": 480, "x_max": 1202, "y_max": 516},
    "11": {"x_min": 1144, "y_min": 522, "x_max": 1202, "y_max": 558},
    "12": {"x_min": 1140, "y_min": 568, "x_max": 1208, "y_max": 605},
    "13": {"x_min": 1141, "y_min": 620, "x_max": 1201, "y_max": 656},
    "14": {"x_min": 1142, "y_min": 666, "x_max": 1203, "y_max": 705},
    "15": {"x_min": 1143, "y_min": 712, "x_max": 1205, "y_max": 749},
    "16": {"x_min": 1135, "y_min": 754, "x_max": 1201, "y_max": 788}
  },
  "fake_machine":
  {
    "0": {"x_min": 607, "y_min": 152, "x_max": 640, "y_max": 172},
    "1": {"x_min": 599, "y_min": 178, "x_max": 635, "y_max": 199},
    "2": {"x_min": 593, "y_min": 208, "x_max": 630, "y_max": 229},
    "3": {"x_min": 584, "y_min": 235, "x_max": 620, "y_max": 255},
    "4": {"x_min": 574, "y_min": 261, "x_max": 609, "y_max": 278},
    "5": {"x_min": 560, "y_min": 292, "x_max": 597, "y_max": 315},
    "6": {"x_min": 551, "y_min": 328, "x_max": 588, "y_max": 348},
    "7": {"x_min": 540, "y_min": 357, "x_max": 580, "y_max": 379},
    "8": {"x_min": 534, "y_min": 395, "x_max": 573, "y_max": 423},
    "9": {"x_min": 522, "y_min": 428, "x_max": 561, "y_max": 450},
    "10": {"x_min": 509, "y_min": 471, "x_max": 550, "y_max": 496},
    "11": {"x_min": 496, "y_min": 503, "x_max": 542, "y_max": 530},
    "12": {"x_min": 483, "y_min": 546, "x_max": 525, "y_max": 573},
    "13": {"x_min": 469, "y_min": 589, "x_max": 512, "y_max": 614},
    "14": {"x_min": 456, "y_min": 640, "x_max": 505, "y_max": 672},
    "15": {"x_min": 444, "y_min": 687, "x_max": 489, "y_max": 721},
    "16": {"x_min": 432, "y_min": 731, "x_max": 479, "y_max": 764},
    "17": {"x_min": 408, "y_min": 789, "x_max": 459, "y_max": 823},
    "18": {"x_min": 396, "y_min": 842, "x_max": 444, "y_max": 878}
  },
  "fake_coke":
  {
    "0": {"x_min": 1309, "y_min": 191, "x_max": 1346, "y_max": 215},
    "1": {"x_min": 1315, "y_min": 218, "x_max": 1355, "y_max": 240},
    "2": {"x_min": 1319, "y_min": 245, "x_max": 1361, "y_max": 270},
    "3": {"x_min": 1326, "y_min": 280, "x_max": 1375, "y_max": 306},
    "4": {"x_min": 1331, "y_min": 309, "x_max": 1374, "y_max": 336},
    "5": {"x_min": 1339, "y_min": 341, "x_max": 1382, "y_max": 372},
    "6": {"x_min": 1346, "y_min": 380, "x_max": 1393, "y_max": 404},
    "7": {"x_min": 1355, "y_min": 407, "x_max": 1404, "y_max": 430},
    "8": {"x_min": 1361, "y_min": 444, "x_max": 1413, "y_max": 476},
    "9": {"x_min": 1371, "y_min": 487, "x_max": 1421, "y_max": 517},
    "10": {"x_min": 1378, "y_min": 527, "x_max": 1436, "y_max": 559},
    "11": {"x_min": 1390, "y_min": 567, "x_max": 1437, "y_max": 601},
    "12": {"x_min": 1397, "y_min": 606, "x_max": 1450, "y_max": 646},
    "13": {"x_min": 1406, "y_min": 662, "x_max": 1461, "y_max": 697},
    "14": {"x_min": 1415, "y_min": 711, "x_max": 1468, "y_max": 750},
    "15": {"x_min": 1426, "y_min": 761, "x_max": 1479, "y_max": 799},
    "16": {"x_min": 1433, "y_min": 808, "x_max": 1483, "y_max": 844}
  }
}