{
  "camera_address": "rtsp://root:Video5000@172.30.71.103/axis-media/media.amp?",
  "count": 20,
  "global_count": 5,
  "number_machine": [835, 856, "H_M"],
  "number_coke": [833, 856, "H_C"],
  "server_address": "172.30.71.88",
  "server_port": 8886,
  "model_path": "model/hatches.h5",
  "matrix":
  {
    "matrix":
    [
      [1.699563509456315, 0.33991270189126294, -1034.3543518551132],
      [0.03153164426723086, 1.7500062568313093, -312.1317466013176],
      [3.4930002797028925e-05, 0.0005968093191649332, 1.0]
    ],
    "maxWidth": 1318,
    "maxHeight": 955
  },
  "fake_machine":
  {
    "0": {"x_min": 1566, "y_min": 907, "x_max": 1629, "y_max": 950},
    "1": {"x_min": 1557, "y_min": 860, "x_max": 1619, "y_max": 900},
    "2": {"x_min": 1543, "y_min": 810, "x_max": 1602, "y_max": 850},
    "3": {"x_min": 1532, "y_min": 765, "x_max": 1593, "y_max": 800},
    "4": {"x_min": 1515, "y_min": 723, "x_max": 1573, "y_max": 760},
    "5": {"x_min": 1513, "y_min": 673, "x_max": 1567, "y_max": 710},
    "6": {"x_min": 1500, "y_min": 635, "x_max": 1550, "y_max": 668},
    "7": {"x_min": 1443, "y_min": 388, "x_max": 1492, "y_max": 418},
    "8": {"x_min": 1448, "y_min": 422, "x_max": 1499, "y_max": 449},
    "9": {"x_min": 1490, "y_min": 596, "x_max": 1541, "y_max": 632},
    "10": {"x_min": 1479, "y_min": 557, "x_max": 1531, "y_max": 591},
    "11": {"x_min": 1472, "y_min": 521, "x_max": 1522, "y_max": 554},
    "12": {"x_min": 1465, "y_min": 491, "x_max": 1519, "y_max": 520},
    "13": {"x_min": 1456, "y_min": 454, "x_max": 1505, "y_max": 485},
    "14": {"x_min": 1432, "y_min": 355, "x_max": 1485, "y_max": 384},
    "15": {"x_min": 1429, "y_min": 324, "x_max": 1476, "y_max": 348},
    "16": {"x_min": 1424, "y_min": 295, "x_max": 1468, "y_max": 317},
    "17": {"x_min": 1419, "y_min": 265, "x_max": 1466, "y_max": 290},
    "18": {"x_min": 1412, "y_min": 239, "x_max": 1459, "y_max": 262},
    "19": {"x_min": 1409, "y_min": 206, "x_max": 1454, "y_max": 235},
    "20": {"x_min": 1404, "y_min": 180, "x_max": 1447, "y_max": 201},
    "21": {"x_min": 1398, "y_min": 154, "x_max": 1443, "y_max": 178}
  },
  "fake_coke":
  {
    "0": {"x_min": 420, "y_min": 1019, "x_max": 484, "y_max": 1071},
    "1": {"x_min": 445, "y_min": 969, "x_max": 497, "y_max": 1015},
    "2": {"x_min": 451, "y_min": 916, "x_max": 506, "y_max": 959},
    "3": {"x_min": 459, "y_min": 868, "x_max": 516, "y_max": 913},
    "4": {"x_min": 464, "y_min": 819, "x_max": 525, "y_max": 859},
    "5": {"x_min": 474, "y_min": 774, "x_max": 536, "y_max": 810},
    "6": {"x_min": 486, "y_min": 728, "x_max": 545, "y_max": 767},
    "7": {"x_min": 491, "y_min": 691, "x_max": 553, "y_max": 727},
    "8": {"x_min": 503, "y_min": 651, "x_max": 558, "y_max": 689},
    "9": {"x_min": 512, "y_min": 613, "x_max": 563, "y_max": 649},
    "10": {"x_min": 521, "y_min": 575, "x_max": 569, "y_max": 608},
    "11": {"x_min": 521, "y_min": 538, "x_max": 574, "y_max": 572},
    "12": {"x_min": 532, "y_min": 497, "x_max": 583, "y_max": 534},
    "13": {"x_min": 542, "y_min": 467, "x_max": 586, "y_max": 495},
    "14": {"x_min": 547, "y_min": 435, "x_max": 593, "y_max": 469},
    "15": {"x_min": 558, "y_min": 400, "x_max": 601, "y_max": 428},
    "16": {"x_min": 555, "y_min": 369, "x_max": 603, "y_max": 398},
    "17": {"x_min": 566, "y_min": 337, "x_max": 609, "y_max": 365},
    "18": {"x_min": 568, "y_min": 311, "x_max": 615, "y_max": 337},
    "19": {"x_min": 575, "y_min": 279, "x_max": 619, "y_max": 311},
    "20": {"x_min": 575, "y_min": 250, "x_max": 623, "y_max": 277},
    "21": {"x_min": 583, "y_min": 222, "x_max": 623, "y_max": 243},
    "22": {"x_min": 588, "y_min": 196, "x_max": 626, "y_max": 219},
    "23": {"x_min": 592, "y_min": 169, "x_max": 633, "y_max": 198}
  },
  "roi_machine":
  {
    "21": {"x_min": 1220, "y_min": 7, "x_max": 1282, "y_max": 42},
    "20": {"x_min": 1218, "y_min": 41, "x_max": 1286, "y_max": 78},
    "19": {"x_min": 1216, "y_min": 85, "x_max": 1282, "y_max": 121},
    "18": {"x_min": 1209, "y_min": 129, "x_max": 1273, "y_max": 162},
    "17": {"x_min": 1210, "y_min": 167, "x_max": 1274, "y_max": 198},
    "16": {"x_min": 1207, "y_min": 205, "x_max": 1274, "y_max": 239},
    "15": {"x_min": 1204, "y_min": 244, "x_max": 1271, "y_max": 276},
    "14": {"x_min": 1201, "y_min": 285, "x_max": 1272, "y_max": 321},
    "13": {"x_min": 1204, "y_min": 327, "x_max": 1272, "y_max": 360},
    "12": {"x_min": 1202, "y_min": 364, "x_max": 1265, "y_max": 395},
    "11": {"x_min": 1203, "y_min": 404, "x_max": 1265, "y_max": 439},
    "10": {"x_min": 1198, "y_min": 444, "x_max": 1267, "y_max": 478},
    "9": {"x_min": 1201, "y_min": 480, "x_max": 1266, "y_max": 513},
    "8": {"x_min": 1201, "y_min": 519, "x_max": 1268, "y_max": 550},
    "7": {"x_min": 1204, "y_min": 555, "x_max": 1264, "y_max": 589},
    "6": {"x_min": 1202, "y_min": 596, "x_max": 1269, "y_max": 627},
    "5": {"x_min": 1205, "y_min": 635, "x_max": 1272, "y_max": 665},
    "4": {"x_min": 1199, "y_min": 680, "x_max": 1264, "y_max": 712},
    "3": {"x_min": 1207, "y_min": 713, "x_max": 1270, "y_max": 745},
    "2": {"x_min": 1208, "y_min": 755, "x_max": 1275, "y_max": 785},
    "1": {"x_min": 1211, "y_min": 795, "x_max": 1275, "y_max": 823},
    "0": {"x_min": 1211, "y_min": 833, "x_max": 1272, "y_max": 864}
  },
  "roi_coke":
  {
    "0": {"x_min": 33, "y_min": 918, "x_max": 90, "y_max": 954},
    "1": {"x_min": 36, "y_min": 878, "x_max": 95, "y_max": 912},
    "2": {"x_min": 32, "y_min": 837, "x_max": 93, "y_max": 873},
    "3": {"x_min": 31, "y_min": 797, "x_max": 94, "y_max": 832},
    "4": {"x_min": 32, "y_min": 759, "x_max": 96, "y_max": 792},
    "5": {"x_min": 33, "y_min": 718, "x_max": 96, "y_max": 750},
    "6": {"x_min": 44, "y_min": 678, "x_max": 100, "y_max": 710},
    "7": {"x_min": 45, "y_min": 641, "x_max": 101, "y_max": 675},
    "8": {"x_min": 48, "y_min": 604, "x_max": 101, "y_max": 638},
    "9": {"x_min": 46, "y_min": 566, "x_max": 95, "y_max": 599},
    "10": {"x_min": 48, "y_min": 526, "x_max": 98, "y_max": 560},
    "11": {"x_min": 40, "y_min": 485, "x_max": 96, "y_max": 517},
    "12": {"x_min": 46, "y_min": 443, "x_max": 99, "y_max": 479},
    "13": {"x_min": 47, "y_min": 406, "x_max": 99, "y_max": 433},
    "14": {"x_min": 49, "y_min": 370, "x_max": 100, "y_max": 403},
    "15": {"x_min": 44, "y_min": 326, "x_max": 105, "y_max": 359},
    "16": {"x_min": 42, "y_min": 290, "x_max": 101, "y_max": 326},
    "17": {"x_min": 40, "y_min": 246, "x_max": 97, "y_max": 281},
    "18": {"x_min": 38, "y_min": 208, "x_max": 102, "y_max": 245},
    "19": {"x_min": 40, "y_min": 171, "x_max": 100, "y_max": 206},
    "20": {"x_min": 40, "y_min": 127, "x_max": 98, "y_max": 165},
    "21": {"x_min": 39, "y_min": 84, "x_max": 91, "y_max": 121},
    "22": {"x_min": 40, "y_min": 46, "x_max": 87, "y_max": 79},
    "23": {"x_min": 38, "y_min": 11, "x_max": 94, "y_max": 47}
  }
}