{
  "camera_address": "rtsp://root:Video5000!@172.30.71.110/axis-media/media.amp?",
  "count": 20,
  "global_count": 5,
  "number_machine": [1451, 1465, "H_M"],
  "number_coke": null,
  "server_address": "172.30.71.89",
  "server_port": 8886,
  "model_path": "model/hatches.h5",
  "matrix":
  {
    "matrix":
    [
      [1.344128707226648, 0.06621323680919444, -498.49959596538247],
      [0.21083939487165115, 1.3394502733022549, -398.49885862476617],
      [7.314499402989606e-05, 0.0002918989931486744, 1.0]
    ],
    "maxWidth": 132,
    "maxHeight": 812
  },
  "roi_machine":
  {
    "0": {"x_min": 48, "y_min": 0, "x_max": 86, "y_max": 25},
    "1": {"x_min": 44, "y_min": 39, "x_max": 82, "y_max": 74},
    "2": {"x_min": 41, "y_min": 91, "x_max": 79, "y_max": 123},
    "3": {"x_min": 36, "y_min": 134, "x_max": 73, "y_max": 167},
    "4": {"x_min": 35, "y_min": 188, "x_max": 73, "y_max": 223},
    "5": {"x_min": 32, "y_min": 244, "x_max": 70, "y_max": 280},
    "6": {"x_min": 33, "y_min": 295, "x_max": 70, "y_max": 331},
    "7": {"x_min": 34, "y_min": 353, "x_max": 74, "y_max": 389},
    "8": {"x_min": 23, "y_min": 402, "x_max": 62, "y_max": 438},
    "9": {"x_min": 26, "y_min": 458, "x_max": 68, "y_max": 495},
    "10": {"x_min": 28, "y_min": 514, "x_max": 73, "y_max": 552},
    "11": {"x_min": 30, "y_min": 574, "x_max": 74, "y_max": 611},
    "12": {"x_min": 29, "y_min": 629, "x_max": 73, "y_max": 670},
    "13": {"x_min": 32, "y_min": 691, "x_max": 74, "y_max": 730},
    "14": {"x_min": 33, "y_min": 760, "x_max": 75, "y_max": 797}
  },
  "roi_coke": null,
  "fake_machine":
  {
    "0": {"x_min": 399, "y_min": 228, "x_max": 429, "y_max": 256},
    "1": {"x_min": 391, "y_min": 270, "x_max": 424, "y_max": 295},
    "2": {"x_min": 387, "y_min": 311, "x_max": 425, "y_max": 341},
    "3": {"x_min": 385, "y_min": 351, "x_max": 413, "y_max": 380},
    "4": {"x_min": 377, "y_min": 394, "x_max": 416, "y_max": 429},
    "5": {"x_min": 376, "y_min": 447, "x_max": 413, "y_max": 484},
    "6": {"x_min": 376, "y_min": 495, "x_max": 409, "y_max": 531},
    "7": {"x_min": 371, "y_min": 551, "x_max": 409, "y_max": 585},
    "8": {"x_min": 361, "y_min": 599, "x_max": 396, "y_max": 633},
    "9": {"x_min": 359, "y_min": 652, "x_max": 399, "y_max": 696},
    "10": {"x_min": 363, "y_min": 705, "x_max": 404, "y_max": 752},
    "11": {"x_min": 361, "y_min": 778, "x_max": 402, "y_max": 812},
    "12": {"x_min": 360, "y_min": 842, "x_max": 400, "y_max": 878},
    "13": {"x_min": 355, "y_min": 909, "x_max": 399, "y_max": 949},
    "14": {"x_min": 355, "y_min": 988, "x_max": 394, "y_max": 1025}
  },
  "fake_coke": null
}