{
  "camera_address": "rtsp://root:Video5000!@172.30.71.106/axis-media/media.amp?",
  "count": 20,
  "global_count": 5,
  "side": "H",
  "start": 23,
  "end": 55,
  "server_address": "172.30.71.89",
  "server_port": 8886,
  "model_path": "model/hatches.h5",
  "matrix":
  {
    "matrix":
    [
      [1.9613406090959653, 0.7218977326797154, -1550.8784431894503],
      [-0.05476642246775727, 2.149582081859475, -355.92697961795477],
      [-5.646489153398756e-05, 0.0009960767429685036, 1.0]
    ],
    "maxWidth": 1391, "maxHeight": 940
  },
  "roi":
  {
    "0": {"x_min": 481, "y_min": 1011, "x_max": 547, "y_max": 1058},
    "1": {"x_min": 494, "y_min": 951, "x_max": 559, "y_max": 1002},
    "2": {"x_min": 517, "y_min": 898, "x_max": 576, "y_max": 942},
    "3": {"x_min": 540, "y_min": 847, "x_max": 596, "y_max": 889},
    "4": {"x_min": 552, "y_min": 800, "x_max": 606, "y_max": 840},
    "5": {"x_min": 564, "y_min": 759, "x_max": 618, "y_max": 795},
    "6": {"x_min": 577, "y_min": 715, "x_max": 634, "y_max": 750},
    "7": {"x_min": 587, "y_min": 675, "x_max": 641, "y_max": 709},
    "8": {"x_min": 608, "y_min": 639, "x_max": 659, "y_max": 671},
    "9": {"x_min": 619, "y_min": 601, "x_max": 669, "y_max": 633},
    "10": {"x_min": 630, "y_min": 567, "x_max": 677, "y_max": 597},
    "11": {"x_min": 641, "y_min": 535, "x_max": 687, "y_max": 564},
    "12": {"x_min": 654, "y_min": 501, "x_max": 698, "y_max": 525},
    "13": {"x_min": 660, "y_min": 472, "x_max": 703, "y_max": 498},
    "14": {"x_min": 670, "y_min": 446, "x_max": 715, "y_max": 470},
    "15": {"x_min": 680, "y_min": 415, "x_max": 724, "y_max": 438},
    "16": {"x_min": 689, "y_min": 387, "x_max": 730, "y_max": 413},
    "17": {"x_min": 698, "y_min": 359, "x_max": 739, "y_max": 383},
    "18": {"x_min": 703, "y_min": 332, "x_max": 746, "y_max": 359},
    "19": {"x_min": 1631, "y_min": 998, "x_max": 1697, "y_max": 1046},
    "20": {"x_min": 1605, "y_min": 941, "x_max": 1675, "y_max": 983},
    "21": {"x_min": 1589, "y_min": 890, "x_max": 1655, "y_max": 931},
    "22": {"x_min": 1572, "y_min": 842, "x_max": 1640, "y_max": 881},
    "23": {"x_min": 1559, "y_min": 793, "x_max": 1622, "y_max": 831},
    "24": {"x_min": 1543, "y_min": 747, "x_max": 1606, "y_max": 783},
    "25": {"x_min": 1532, "y_min": 706, "x_max": 1596, "y_max": 738},
    "26": {"x_min": 1519, "y_min": 667, "x_max": 1577, "y_max": 700},
    "27": {"x_min": 1509, "y_min": 627, "x_max": 1563, "y_max": 658},
    "28": {"x_min": 1503, "y_min": 593, "x_max": 1558, "y_max": 621},
    "29": {"x_min": 1488, "y_min": 562, "x_max": 1544, "y_max": 592},
    "30": {"x_min": 1483, "y_min": 527, "x_max": 1538, "y_max": 556},
    "31": {"x_min": 1473, "y_min": 492, "x_max": 1528, "y_max": 521},
    "32": {"x_min": 1469, "y_min": 465, "x_max": 1517, "y_max": 490},
    "33": {"x_min": 1461, "y_min": 436, "x_max": 1511, "y_max": 460},
    "34": {"x_min": 1455, "y_min": 408, "x_max": 1499, "y_max": 432},
    "35": {"x_min": 1448, "y_min": 384, "x_max": 1495, "y_max": 405},
    "36": {"x_min": 1442, "y_min": 357, "x_max": 1486, "y_max": 379},
    "37": {"x_min": 1437, "y_min": 325, "x_max": 1481, "y_max": 348}
  }
}