{
  "camera_address": "rtsp://root:Video5000!@172.30.71.108/axis-media/media.amp?",
  "count": 20,
  "global_count": 5,
  "side": "H",
  "start": 134,
  "end": 150,
  "server_address": "172.30.71.89",
  "server_port": 8886,
  "model_path": "model/hatches.h5",
  "matrix":
  {
    "matrix":
    [
      [1.626072047543728, -0.6258486601592721, -2068.055447099169],
      [0.6665143472356077, 1.6419011968486934, -1100.1713405735852],
      [9.642152349079581e-05, 0.0006194760873499147, 1.0]
    ],
    "maxWidth": 160, "maxHeight": 921
  },
  "roi":
  {
    "0": {"x_min": 1684, "y_min": 878, "x_max": 1729, "y_max": 916},
    "1": {"x_min": 1659, "y_min": 808, "x_max": 1703, "y_max": 849},
    "2": {"x_min": 1640, "y_min": 754, "x_max": 1683, "y_max": 791},
    "3": {"x_min": 1624, "y_min": 700, "x_max": 1668, "y_max": 735},
    "4": {"x_min": 1600, "y_min": 642, "x_max": 1647, "y_max": 674},
    "5": {"x_min": 1566, "y_min": 545, "x_max": 1602, "y_max": 578},
    "6": {"x_min": 1544, "y_min": 498, "x_max": 1586, "y_max": 530},
    "7": {"x_min": 1526, "y_min": 451, "x_max": 1568, "y_max": 480},
    "8": {"x_min": 1507, "y_min": 411, "x_max": 1547, "y_max": 439},
    "9": {"x_min": 1491, "y_min": 368, "x_max": 1529, "y_max": 395},
    "10": {"x_min": 1474, "y_min": 329, "x_max": 1509, "y_max": 358},
    "11": {"x_min": 1454, "y_min": 293, "x_max": 1492, "y_max": 319},
    "12": {"x_min": 1442, "y_min": 259, "x_max": 1477, "y_max": 286},
    "13": {"x_min": 1425, "y_min": 227, "x_max": 1460, "y_max": 251},
    "14": {"x_min": 1406, "y_min": 196, "x_max": 1439, "y_max": 223},
    "15": {"x_min": 1394, "y_min": 165, "x_max": 1425, "y_max": 189},
    "16": {"x_min": 1378, "y_min": 137, "x_max": 1412, "y_max": 161},
    "17": {"x_min": 1369, "y_min": 110, "x_max": 1401, "y_max": 136}
  }
}