{
  "camera_address": "rtsp://root:Video5000!@172.30.71.110/axis-media/media.amp?",
  "count": 20,
  "global_count": 5,
  "side": "H",
  "start": 77,
  "end": 92,
  "server_address": "172.30.71.89",
  "server_port": 8886,
  "model_path": "model/hatches.h5",
  "matrix":
  {
    "matrix":
    [
      [1.3515070289129592, 0.1250176901136622, -449.0990742317807],
      [-0.10277915471942918, 1.3703887295923893, 14.834457997837605],
      [-9.420885815994887e-05, 0.0003824305738799045, 1.0]
    ],
    "maxWidth": 170, "maxHeight": 1031
  },
  "roi":
  {
    "0": {"x_min": 294, "y_min": 993, "x_max": 340, "y_max": 1032},
    "1": {"x_min": 297, "y_min": 925, "x_max": 339, "y_max": 963},
    "2": {"x_min": 300, "y_min": 864, "x_max": 339, "y_max": 901},
    "3": {"x_min": 302, "y_min": 800, "x_max": 340, "y_max": 833},
    "4": {"x_min": 302, "y_min": 745, "x_max": 340, "y_max": 778},
    "5": {"x_min": 301, "y_min": 689, "x_max": 337, "y_max": 723},
    "6": {"x_min": 312, "y_min": 642, "x_max": 348, "y_max": 674},
    "7": {"x_min": 315, "y_min": 586, "x_max": 349, "y_max": 616},
    "8": {"x_min": 316, "y_min": 538, "x_max": 350, "y_max": 569},
    "9": {"x_min": 320, "y_min": 486, "x_max": 356, "y_max": 517},
    "10": {"x_min": 328, "y_min": 441, "x_max": 361, "y_max": 467},
    "11": {"x_min": 329, "y_min": 399, "x_max": 362, "y_max": 428},
    "12": {"x_min": 333, "y_min": 356, "x_max": 367, "y_max": 386},
    "13": {"x_min": 337, "y_min": 316, "x_max": 373, "y_max": 343},
    "14": {"x_min": 343, "y_min": 280, "x_max": 378, "y_max": 307},
    "15": {"x_min": 348, "y_min": 245, "x_max": 383, "y_max": 273},
    "16": {"x_min": 353, "y_min": 214, "x_max": 386, "y_max": 240},
    "17": {"x_min": 360, "y_min": 180, "x_max": 393, "y_max": 202},
    "18": {"x_min": 366, "y_min": 152, "x_max": 397, "y_max": 175},
    "19": {"x_min": 369, "y_min": 124, "x_max": 402, "y_max": 147},
    "20": {"x_min": 374, "y_min": 94, "x_max": 406, "y_max": 119},
    "21": {"x_min": 380, "y_min": 67, "x_max": 412, "y_max": 91},
    "22": {"x_min": 386, "y_min": 43, "x_max": 417, "y_max": 63}
  }
}