{
  "camera_address": "rtsp://root:Video5000!@172.30.71.107/axis-media/media.amp?",
  "count": 20,
  "global_count": 5,
  "side": "H",
  "start": 56,
  "end": 76,
  "server_address": "172.30.71.89",
  "server_port": 8886,
  "model_path": "model/hatches.h5",
  "matrix":
  {
    "matrix":
    [
      [1.0219635118420707, -0.4340117149416764, -1194.128113181063],
      [0.4460650863256251, 1.0340599728457673, -577.492081305748],
      [2.14209444642124e-05, 8.679775943714551e-05, 1.0]
    ],
    "maxWidth": 121, "maxHeight": 1117
  },
  "roi":
  {
    "0": {"x_min": 1574, "y_min": 875, "x_max": 1637, "y_max": 925},
    "1": {"x_min": 1529, "y_min": 785, "x_max": 1589, "y_max": 833},
    "2": {"x_min": 1500, "y_min": 725, "x_max": 1553, "y_max": 766},
    "3": {"x_min": 1475, "y_min": 668, "x_max": 1529, "y_max": 710},
    "4": {"x_min": 1449, "y_min": 606, "x_max": 1500, "y_max": 643},
    "5": {"x_min": 1421, "y_min": 547, "x_max": 1471, "y_max": 585},
    "6": {"x_min": 1398, "y_min": 499, "x_max": 1445, "y_max": 531},
    "7": {"x_min": 1378, "y_min": 446, "x_max": 1431, "y_max": 484},
    "8": {"x_min": 1359, "y_min": 401, "x_max": 1406, "y_max": 437},
    "9": {"x_min": 1337, "y_min": 358, "x_max": 1385, "y_max": 394},
    "10": {"x_min": 1320, "y_min": 308, "x_max": 1370, "y_max": 341},
    "11": {"x_min": 1308, "y_min": 269, "x_max": 1349, "y_max": 297},
    "12": {"x_min": 1287, "y_min": 233, "x_max": 1329, "y_max": 263},
    "13": {"x_min": 1274, "y_min": 192, "x_max": 1313, "y_max": 219},
    "14": {"x_min": 1258, "y_min": 155, "x_max": 1299, "y_max": 183},
    "15": {"x_min": 1249, "y_min": 117, "x_max": 1290, "y_max": 144},
    "16": {"x_min": 1232, "y_min": 83, "x_max": 1273, "y_max": 110},
    "17": {"x_min": 1225, "y_min": 47, "x_max": 1264, "y_max": 73},
    "18": {"x_min": 1213, "y_min": 15, "x_max": 1250, "y_max": 41}
  }
}