{
  "camera_address": "W:\\Videos\\ct131401\\2021-06-17\\2021_06_17_19_15_29.mp4",
  "count": 20,
  "global_count": 5,
  "side": "H",
  "start": 1,
  "end": 22,
  "server_address": "172.30.71.89",
  "server_port": 8886,
  "model_path": "model/hatches.h5",
  "matrix":
  {
    "matrix":
    [
      [1.4651020932228658, 0.6257364679431682, -883.0293038987149],
      [-0.5186569982419909, 1.5225092529039093, 305.62281893182086],
      [-0.00017980930476303446, 0.0006512416137550308, 1.0]
    ],
    "maxWidth": 171, "maxHeight": 1056
  },
  "roi":
  {
    "0": {"x_min": 238, "y_min": 960, "x_max": 304, "y_max": 1016},
    "1": {"x_min": 287, "y_min": 877, "x_max": 341, "y_max": 919},
    "2": {"x_min": 321, "y_min": 799, "x_max": 372, "y_max": 845},
    "3": {"x_min": 350, "y_min": 737, "x_max": 401, "y_max": 780},
    "4": {"x_min": 379, "y_min": 670, "x_max": 428, "y_max": 710},
    "5": {"x_min": 408, "y_min": 609, "x_max": 454, "y_max": 649},
    "6": {"x_min": 430, "y_min": 557, "x_max": 478, "y_max": 595},
    "7": {"x_min": 448, "y_min": 502, "x_max": 491, "y_max": 536},
    "8": {"x_min": 474, "y_min": 457, "x_max": 515, "y_max": 494},
    "9": {"x_min": 489, "y_min": 408, "x_max": 530, "y_max": 439},
    "10": {"x_min": 505, "y_min": 363, "x_max": 544, "y_max": 393},
    "11": {"x_min": 518, "y_min": 325, "x_max": 559, "y_max": 356},
    "12": {"x_min": 536, "y_min": 279, "x_max": 573, "y_max": 309},
    "13": {"x_min": 550, "y_min": 245, "x_max": 587, "y_max": 271},
    "14": {"x_min": 562, "y_min": 207, "x_max": 599, "y_max": 235},
    "15": {"x_min": 578, "y_min": 170, "x_max": 611, "y_max": 194},
    "16": {"x_min": 587, "y_min": 133, "x_max": 621, "y_max": 160},
    "17": {"x_min": 598, "y_min": 104, "x_max": 634, "y_max": 129},
    "18": {"x_min": 611, "y_min": 69, "x_max": 645, "y_max": 94},
    "19": {"x_min": 620, "y_min": 35, "x_max": 653, "y_max": 61}
  }
}