{
  "camera_address": "rtsp://root:Video5000!@172.30.71.109/axis-media/media.amp?",
  "count": 20,
  "global_count": 5,
  "side": "H",
  "start": 93,
  "end": 133,
  "server_address": "172.30.71.89",
  "server_port": 8886,
  "model_path": "model/hatches.h5",
  "matrix":
  {
    "matrix":
    [
      [1.7583103351374483, 0.5650422329548471, -991.2970957193793],
      [0.0021128024279645848, 1.8423637171851306, -189.04299724213251],
      [2.839173452630384e-06, 0.000701271285337639, 1.0]
    ],
    "maxWidth": 1427, "maxHeight": 1023
  },
  "roi":
  {
    "0": {"x_min": 1304, "y_min": 128, "x_max": 1349, "y_max": 155},
    "1": {"x_min": 1312, "y_min": 156, "x_max": 1358, "y_max": 183},
    "2": {"x_min": 1321, "y_min": 190, "x_max": 1365, "y_max": 218},
    "3": {"x_min": 1329, "y_min": 219, "x_max": 1367, "y_max": 246},
    "4": {"x_min": 1339, "y_min": 251, "x_max": 1389, "y_max": 285},
    "5": {"x_min": 1347, "y_min": 287, "x_max": 1396, "y_max": 315},
    "6": {"x_min": 1357, "y_min": 317, "x_max": 1403, "y_max": 351},
    "7": {"x_min": 1360, "y_min": 357, "x_max": 1406, "y_max": 386},
    "8": {"x_min": 1364, "y_min": 395, "x_max": 1416, "y_max": 432},
    "9": {"x_min": 1380, "y_min": 433, "x_max": 1428, "y_max": 471},
    "10": {"x_min": 1391, "y_min": 477, "x_max": 1438, "y_max": 509},
    "11": {"x_min": 1396, "y_min": 519, "x_max": 1445, "y_max": 554},
    "12": {"x_min": 1408, "y_min": 570, "x_max": 1459, "y_max": 605},
    "13": {"x_min": 1420, "y_min": 622, "x_max": 1472, "y_max": 659},
    "14": {"x_min": 1433, "y_min": 672, "x_max": 1485, "y_max": 707},
    "15": {"x_min": 1440, "y_min": 716, "x_max": 1492, "y_max": 755},
    "16": {"x_min": 1452, "y_min": 772, "x_max": 1505, "y_max": 810},
    "17": {"x_min": 1461, "y_min": 837, "x_max": 1514, "y_max": 877},
    "18": {"x_min": 1479, "y_min": 902, "x_max": 1534, "y_max": 944},
    "19": {"x_min": 1492, "y_min": 963, "x_max": 1550, "y_max": 1007},
    "20": {"x_min": 1499, "y_min": 1029, "x_max": 1560, "y_max": 1069},
    "21": {"x_min": 575, "y_min": 158, "x_max": 616, "y_max": 186},
    "22": {"x_min": 565, "y_min": 193, "x_max": 605, "y_max": 218},
    "23": {"x_min": 555, "y_min": 223, "x_max": 595, "y_max": 248},
    "24": {"x_min": 547, "y_min": 256, "x_max": 593, "y_max": 283},
    "25": {"x_min": 539, "y_min": 285, "x_max": 580, "y_max": 312},
    "26": {"x_min": 530, "y_min": 324, "x_max": 572, "y_max": 352},
    "27": {"x_min": 515, "y_min": 354, "x_max": 561, "y_max": 384},
    "28": {"x_min": 508, "y_min": 400, "x_max": 554, "y_max": 432},
    "29": {"x_min": 499, "y_min": 433, "x_max": 547, "y_max": 462},
    "30": {"x_min": 484, "y_min": 476, "x_max": 530, "y_max": 508},
    "31": {"x_min": 468, "y_min": 516, "x_max": 515, "y_max": 549},
    "32": {"x_min": 459, "y_min": 570, "x_max": 507, "y_max": 602},
    "33": {"x_min": 445, "y_min": 620, "x_max": 494, "y_max": 652},
    "34": {"x_min": 435, "y_min": 659, "x_max": 486, "y_max": 695},
    "35": {"x_min": 413, "y_min": 718, "x_max": 464, "y_max": 755},
    "36": {"x_min": 403, "y_min": 772, "x_max": 456, "y_max": 811},
    "37": {"x_min": 392, "y_min": 831, "x_max": 443, "y_max": 867},
    "38": {"x_min": 374, "y_min": 892, "x_max": 428, "y_max": 933},
    "39": {"x_min": 355, "y_min": 953, "x_max": 415, "y_max": 998},
    "40": {"x_min": 335, "y_min": 1026, "x_max": 399, "y_max": 1072}
  }
}